{
"width": 9680, "height": 6368,
"format": "jpg",
"type":"ptm",
"colorspace":"lrgb",
"lights": [0.265, 0.117, 0.957, 0.182, 0.562, 0.806, 0.268, 0.771, 0.578, 0.400, 0.836, 0.376, 0.436, 0.858, 0.271, 0.686, 0.673, 0.276, 0.545, 0.599, 0.587, 0.373, 0.483, 0.792, 0.288, 0.416, 0.862, 0.470, 0.127, 0.873, 0.608, 0.097, 0.788, 0.749, 0.081, 0.658, 0.846, 0.089, 0.526, 0.765, -0.333, 0.551, 0.618, -0.233, 0.751, 0.470, -0.114, 0.875, 0.361, -0.041, 0.932, 0.517, -0.646, 0.562, 0.401, -0.448, 0.799, 0.308, -0.293, 0.905, 0.265, -0.197, 0.944, 0.068, -0.923, 0.379, 0.063, -0.622, 0.780, 0.079, -0.388, 0.918, 0.069, -0.266, 0.961, -0.510, -0.775, 0.373, -0.521, -0.659, 0.542, -0.486, -0.516, 0.705, -0.392, -0.388, 0.834, -0.862, -0.408, 0.300, -0.815, -0.346, 0.464, -0.594, -0.279, 0.755, -0.414, -0.169, 0.894, -0.977, -0.010, 0.213, -0.840, 0.015, 0.542, -0.689, 0.029, 0.724, -0.537, 0.025, 0.843, -0.935, 0.287, 0.208, -0.807, 0.270, 0.525, -0.624, 0.268, 0.735, -0.509, 0.246, 0.825, -0.652, 0.726, 0.220, -0.534, 0.594, 0.602, -0.461, 0.527, 0.714, -0.430, 0.505, 0.748, -0.439, 0.880, 0.182, -0.387, 0.762, 0.519, -0.367, 0.677, 0.638, -0.329, 0.570, 0.752],
"nplanes": 9,
"quality": 95,
"materials": [
{
 "scale": [1,1,1,4.82378,4.15472,4.62025,10.036,8.48726,11.5486],
 "bias": [0,0,0,-0.0968165,0.34988,0.438213,0.728564,0.327186,0.690452] }
]
}
