{
"width": 6300, "height": 3600,
"format": "jpg",
"type":"ptm",
"colorspace":"rgb",
"lights": [0.356, 0.903, 0.240, 0.040, 0.975, 0.218, -0.301, 0.933, 0.197, -0.620, 0.760, 0.195, -0.818, 0.541, 0.193, -0.944, 0.222, 0.245, -0.942, -0.195, 0.274, -0.843, -0.446, 0.300, -0.673, -0.663, 0.328, -0.409, -0.841, 0.354, -0.056, -0.931, 0.362, 0.215, -0.904, 0.369, 0.481, -0.787, 0.385, 0.743, -0.553, 0.378, 0.905, -0.181, 0.385, 0.929, 0.178, 0.324, 0.813, 0.513, 0.275, 0.619, 0.742, 0.258, 0.182, 0.821, 0.541, -0.196, 0.833, 0.517, -0.589, 0.608, 0.533, -0.782, 0.300, 0.547, -0.802, -0.163, 0.575, -0.676, -0.598, 0.431, -0.292, -0.736, 0.610, 0.124, -0.761, 0.637, 0.462, -0.606, 0.648, 0.738, -0.210, 0.641, 0.756, 0.218, 0.618, 0.545, 0.595, 0.590, 0.054, 0.636, 0.769, -0.351, 0.539, 0.766, -0.576, 0.248, 0.779, -0.563, -0.170, 0.809, -0.272, -0.512, 0.815, 0.155, -0.511, 0.845, 0.476, -0.204, 0.856, 0.443, 0.350, 0.825, 0.065, 0.333, 0.941, -0.128, 0.345, 0.930, -0.300, 0.190, 0.935, -0.305, -0.112, 0.946, -0.169, -0.234, 0.957, 0.033, -0.264, 0.964, 0.209, -0.126, 0.970, 0.227, 0.145, 0.963, -0.067, 0.185, 0.980],
"nplanes": 18,
"quality": 95,
"materials": [
{
 "scale": [1.18005,1.16676,1.16335,1.02819,0.999289,0.978313,1.11798,1.09362,1.05704,1.32041,1.30899,1.26912,1.03752,1.04548,1.03309,1.39693,1.3749,1.35479],
 "bias": [-0.0045285,-0.00556992,0.000261006,0.448531,0.450152,0.437679,0.555891,0.572952,0.594901,0.816762,0.806435,0.807604,0.447835,0.455823,0.448186,0.798668,0.793631,0.779526] }
]
}
