{
"width": 6182, "height": 3480,
"format": "jpg",
"type":"ptm",
"colorspace":"rgb",
"lights": [0.376, 0.887, 0.269, 0.056, 0.965, 0.255, -0.291, 0.928, 0.233, -0.615, 0.757, 0.224, -0.814, 0.538, 0.218, -0.936, 0.218, 0.274, -0.930, -0.203, 0.308, -0.826, -0.456, 0.332, -0.649, -0.673, 0.355, -0.379, -0.849, 0.368, -0.021, -0.936, 0.353, 0.251, -0.908, 0.337, 0.515, -0.791, 0.330, 0.769, -0.562, 0.305, 0.925, -0.205, 0.320, 0.948, 0.147, 0.284, 0.834, 0.483, 0.267, 0.640, 0.718, 0.272, 0.206, 0.801, 0.562, -0.177, 0.819, 0.545, -0.573, 0.598, 0.560, -0.766, 0.291, 0.574, -0.780, -0.173, 0.601, -0.574, -0.538, 0.617, -0.258, -0.746, 0.614, 0.161, -0.770, 0.617, 0.498, -0.619, 0.608, 0.768, -0.233, 0.596, 0.782, 0.191, 0.594, 0.570, 0.570, 0.592, 0.081, 0.616, 0.784, -0.327, 0.523, 0.787, -0.552, 0.235, 0.800, -0.534, -0.183, 0.826, -0.237, -0.525, 0.818, 0.193, -0.525, 0.829, 0.511, -0.225, 0.830, 0.473, 0.325, 0.819, 0.097, 0.312, 0.945, -0.098, 0.326, 0.940, -0.269, 0.173, 0.947, -0.272, -0.128, 0.954, -0.134, -0.250, 0.959, 0.069, -0.281, 0.957, 0.244, -0.146, 0.959, 0.261, 0.123, 0.958, -0.035, 0.166, 0.986],
"nplanes": 18,
"quality": 95,
"materials": [
{
 "scale": [0.499211,0.473739,0.421567,0.441478,0.420651,0.394991,0.475727,0.431735,0.3926,0.565111,0.529956,0.545215,0.473041,0.47683,0.493676,0.594707,0.570051,0.61287],
 "bias": [0.0135473,0.0137562,0.0192578,0.536288,0.532053,0.537544,0.407288,0.408738,0.441579,0.629598,0.611595,0.643174,0.587244,0.599841,0.588185,0.582629,0.587846,0.577905] }
]
}
