{
"width": 566, "height": 585,
"format": "jpg",
"type":"ptm",
"colorspace":"rgb",
"lights": [0.379, 0.920, 0.100, 0.062, 0.992, 0.110, -0.021, 0.997, 0.076, -0.581, 0.805, 0.119, -0.790, 0.602, 0.112, -0.944, 0.309, 0.118, -0.986, -0.123, 0.111, -0.912, -0.396, 0.103, -0.736, -0.671, 0.092, -0.434, -0.897, 0.086, -0.064, -0.997, 0.050, 0.273, -0.961, 0.044, 0.583, -0.811, 0.039, 0.855, -0.518, 0.035, 0.993, -0.089, 0.081, 0.968, 0.245, 0.056, 0.809, 0.584, 0.062, 0.625, 0.778, 0.070, 0.218, 0.879, 0.424, -0.169, 0.884, 0.435, -0.591, 0.671, 0.449, -0.806, 0.368, 0.463, -0.868, -0.136, 0.477, -0.670, -0.582, 0.461, -0.303, -0.840, 0.450, 0.213, -0.871, 0.443, 0.615, -0.665, 0.424, 0.882, -0.204, 0.426, 0.874, 0.238, 0.423, 0.583, 0.691, 0.427, 0.033, 0.701, 0.712, -0.427, 0.536, 0.729, -0.610, 0.265, 0.746, -0.591, -0.259, 0.764, -0.256, -0.593, 0.763, 0.209, -0.631, 0.747, 0.576, -0.339, 0.744, 0.657, 0.176, 0.733, 0.465, 0.522, 0.715, 0.122, 0.399, 0.909, -0.084, 0.394, 0.915, -0.288, 0.235, 0.929, -0.308, -0.113, 0.945, -0.139, -0.278, 0.950, 0.115, -0.312, 0.943, 0.317, -0.162, 0.935, 0.333, 0.205, 0.920, 0.002, 0.210, 0.978],
"nplanes": 18,
"quality": 95,
"materials": [
{
 "scale": [0.405997,0.402542,0.414685,0.229756,0.23179,0.237272,0.220194,0.220091,0.214295,0.263301,0.253485,0.261278,0.185112,0.179787,0.175824,0.33237,0.31575,0.319428],
 "bias": [-0.0486617,-0.00707655,-0.00170315,0.268048,0.27897,0.331143,0.519104,0.523719,0.514852,0.797081,0.81603,0.784067,0.482846,0.499752,0.452282,0.778042,0.777287,0.75372] }
]
}
