{
"width": 581, "height": 608,
"format": "jpg",
"type":"ptm",
"colorspace":"rgb",
"lights": [0.405, 0.900, 0.160, 0.092, 0.984, 0.155, -0.259, 0.955, 0.145, -0.558, 0.818, 0.138, -0.781, 0.613, 0.122, -0.942, 0.314, 0.121, -0.984, -0.136, 0.112, -0.902, -0.419, 0.107, -0.710, -0.696, 0.108, -0.393, -0.912, 0.118, -0.021, -0.995, 0.097, 0.309, -0.945, 0.105, 0.607, -0.787, 0.111, 0.857, -0.501, 0.119, 0.981, -0.094, 0.169, 0.963, 0.226, 0.145, 0.817, 0.558, 0.145, 0.640, 0.754, 0.144, 0.226, 0.854, 0.469, -0.153, 0.869, 0.471, -0.577, 0.668, 0.471, -0.799, 0.361, 0.481, -0.859, -0.146, 0.492, -0.648, -0.591, 0.481, -0.275, -0.831, 0.484, 0.226, -0.844, 0.486, 0.601, -0.637, 0.483, 0.846, -0.201, 0.494, 0.844, 0.216, 0.492, 0.575, 0.656, 0.489, 0.028, 0.672, 0.740, -0.418, 0.519, 0.746, -0.602, 0.253, 0.757, -0.578, -0.261, 0.773, -0.255, -0.577, 0.776, 0.201, -0.604, 0.771, 0.542, -0.326, 0.775, 0.615, 0.157, 0.772, 0.440, 0.489, 0.754, 0.102, 0.373, 0.922, -0.092, 0.372, 0.924, -0.284, 0.217, 0.934, -0.305, -0.116, 0.945, -0.144, -0.271, 0.952, 0.097, -0.303, 0.948, 0.287, -0.156, 0.945, 0.297, 0.186, 0.937, -0.016, 0.194, 0.981],
"nplanes": 18,
"quality": 95,
"materials": [
{
 "scale": [0.638857,0.641088,0.618034,0.389016,0.365919,0.349676,0.362516,0.364549,0.325109,0.496616,0.486228,0.482732,0.318898,0.314789,0.346841,0.491586,0.46902,0.485767],
 "bias": [-0.0117132,-0.0160476,-0.0156297,0.474751,0.480751,0.481706,0.484857,0.482028,0.453544,1.00992,0.997467,0.963752,0.405599,0.394661,0.448386,0.997379,1.00581,0.939693] }
]
}
