{
"width": 974, "height": 944,
"format": "jpg",
"type":"ptm",
"colorspace":"rgb",
"lights": [0.379, 0.920, 0.100, 0.062, 0.992, 0.110, -0.021, 0.997, 0.076, -0.581, 0.805, 0.119, -0.790, 0.602, 0.112, -0.944, 0.309, 0.118, -0.986, -0.123, 0.111, -0.912, -0.396, 0.103, -0.736, -0.671, 0.092, -0.434, -0.897, 0.086, -0.064, -0.997, 0.050, 0.273, -0.961, 0.044, 0.583, -0.811, 0.039, 0.855, -0.518, 0.035, 0.993, -0.089, 0.081, 0.968, 0.245, 0.056, 0.809, 0.584, 0.062, 0.625, 0.778, 0.070, 0.218, 0.879, 0.424, -0.169, 0.884, 0.435, -0.591, 0.671, 0.449, -0.806, 0.368, 0.463, -0.868, -0.136, 0.477, -0.670, -0.582, 0.461, -0.303, -0.840, 0.450, 0.213, -0.871, 0.443, 0.615, -0.665, 0.424, 0.882, -0.204, 0.426, 0.874, 0.238, 0.423, 0.583, 0.691, 0.427, 0.033, 0.701, 0.712, -0.427, 0.536, 0.729, -0.610, 0.265, 0.746, -0.591, -0.259, 0.764, -0.256, -0.593, 0.763, 0.209, -0.631, 0.747, 0.576, -0.339, 0.744, 0.657, 0.176, 0.733, 0.465, 0.522, 0.715, 0.122, 0.399, 0.909, -0.084, 0.394, 0.915, -0.288, 0.235, 0.929, -0.308, -0.113, 0.945, -0.139, -0.278, 0.950, 0.115, -0.312, 0.943, 0.317, -0.162, 0.935, 0.333, 0.205, 0.920, 0.002, 0.210, 0.978],
"nplanes": 18,
"quality": 95,
"materials": [
{
 "scale": [0.624674,0.631673,0.615104,0.399813,0.395512,0.365433,0.358803,0.378651,0.367521,0.526727,0.536001,0.517386,0.307286,0.31733,0.319501,0.515387,0.537352,0.509956],
 "bias": [-0.027143,-0.0104498,-0.0213778,0.506666,0.528265,0.531828,0.462279,0.480233,0.453262,1.00278,0.993469,0.979977,0.544277,0.490621,0.484505,1.02232,0.986224,0.993318] }
]
}
