{
"width": 974, "height": 944,
"format": "jpg",
"type":"ptm",
"colorspace":"rgb",
"lights": [0.379, 0.920, 0.100, 0.062, 0.992, 0.110, -0.021, 0.997, 0.076, -0.581, 0.805, 0.119, -0.790, 0.602, 0.112, -0.944, 0.309, 0.118, -0.986, -0.123, 0.111, -0.912, -0.396, 0.103, -0.736, -0.671, 0.092, -0.434, -0.897, 0.086, -0.064, -0.997, 0.050, 0.273, -0.961, 0.044, 0.583, -0.811, 0.039, 0.855, -0.518, 0.035, 0.993, -0.089, 0.081, 0.968, 0.245, 0.056, 0.809, 0.584, 0.062, 0.625, 0.778, 0.070, 0.218, 0.879, 0.424, -0.169, 0.884, 0.435, -0.591, 0.671, 0.449, -0.806, 0.368, 0.463, -0.868, -0.136, 0.477, -0.670, -0.582, 0.461, -0.303, -0.840, 0.450, 0.213, -0.871, 0.443, 0.615, -0.665, 0.424, 0.882, -0.204, 0.426, 0.874, 0.238, 0.423, 0.583, 0.691, 0.427, 0.033, 0.701, 0.712, -0.427, 0.536, 0.729, -0.610, 0.265, 0.746, -0.591, -0.259, 0.764, -0.256, -0.593, 0.763, 0.209, -0.631, 0.747, 0.576, -0.339, 0.744, 0.657, 0.176, 0.733, 0.465, 0.522, 0.715, 0.122, 0.399, 0.909, -0.084, 0.394, 0.915, -0.288, 0.235, 0.929, -0.308, -0.113, 0.945, -0.139, -0.278, 0.950, 0.115, -0.312, 0.943, 0.317, -0.162, 0.935, 0.333, 0.205, 0.920, 0.002, 0.210, 0.978],
"nplanes": 18,
"quality": 95,
"materials": [
{
 "scale": [0.321685,0.319267,0.297675,0.172256,0.172508,0.17119,0.134148,0.147011,0.146039,0.380086,0.377695,0.356972,0.216454,0.199053,0.211032,0.340557,0.337425,0.322839],
 "bias": [-0.00188004,-0.00139726,-0.00101189,0.471281,0.419105,0.408957,0.489271,0.477132,0.436846,0.930596,0.939552,0.918515,0.439515,0.504815,0.432558,0.97455,0.982557,0.937519] }
]
}
