{
"width": 10768, "height": 6976,
"format": "jpg",
"type":"ptm",
"colorspace":"lrgb",
"lights": [0.311, 0.141, 0.940, 0.315, 0.520, 0.794, 0.380, 0.618, 0.688, 0.473, 0.825, 0.309, 0.553, 0.798, 0.239, 0.398, 0.470, 0.788, 0.500, 0.486, 0.717, 0.669, 0.477, 0.570, 0.835, 0.467, 0.291, 0.483, 0.122, 0.867, 0.728, 0.099, 0.678, 0.928, 0.048, 0.368, 0.970, -0.023, 0.240, 0.534, 0.008, 0.845, 0.685, -0.102, 0.722, 0.854, -0.208, 0.477, 0.845, -0.440, 0.304, 0.375, -0.243, 0.895, 0.449, -0.425, 0.786, 0.461, -0.586, 0.666, 0.557, -0.755, 0.346, 0.152, -0.370, 0.917, 0.116, -0.566, 0.816, 0.112, -0.694, 0.712, 0.015, -0.965, 0.263, -0.201, -0.479, 0.854, -0.385, -0.583, 0.716, -0.593, -0.724, 0.352, -0.665, -0.708, 0.239, -0.405, -0.288, 0.867, -0.553, -0.366, 0.748, -0.850, -0.402, 0.341, -0.852, -0.462, 0.244, -0.623, -0.005, 0.783, -0.868, -0.005, 0.496, -0.966, -0.009, 0.259, -0.974, -0.002, 0.225, -0.548, 0.213, 0.809, -0.787, 0.255, 0.562, -0.910, 0.304, 0.281, -0.925, 0.287, 0.251, -0.459, 0.393, 0.797, -0.595, 0.523, 0.610, -0.707, 0.647, 0.284, -0.729, 0.624, 0.281, -0.312, 0.472, 0.825, -0.323, 0.734, 0.597, -0.371, 0.841, 0.395, -0.441, 0.869, 0.225],
"nplanes": 9,
"quality": 95,
"materials": [
{
 "scale": [1,1,1,2.98182,2.27918,2.63983,5.5392,3.91282,5.2607],
 "bias": [0,0,0,-0.291654,0.542101,0.471187,0.793966,0.461362,0.963583] }
]
}
