{
"width": 585, "height": 585,
"format": "jpg",
"type":"ptm",
"colorspace":"rgb",
"lights": [0.405, 0.900, 0.160, 0.092, 0.984, 0.155, -0.259, 0.955, 0.145, -0.558, 0.818, 0.138, -0.781, 0.613, 0.122, -0.942, 0.314, 0.121, -0.984, -0.136, 0.112, -0.902, -0.419, 0.107, -0.710, -0.696, 0.108, -0.393, -0.912, 0.118, -0.021, -0.995, 0.097, 0.309, -0.945, 0.105, 0.607, -0.787, 0.111, 0.857, -0.501, 0.119, 0.981, -0.094, 0.169, 0.963, 0.226, 0.145, 0.817, 0.558, 0.145, 0.640, 0.754, 0.144, 0.226, 0.854, 0.469, -0.153, 0.869, 0.471, -0.577, 0.668, 0.471, -0.799, 0.361, 0.481, -0.859, -0.146, 0.492, -0.648, -0.591, 0.481, -0.275, -0.831, 0.484, 0.226, -0.844, 0.486, 0.601, -0.637, 0.483, 0.846, -0.201, 0.494, 0.844, 0.216, 0.492, 0.575, 0.656, 0.489, 0.028, 0.672, 0.740, -0.418, 0.519, 0.746, -0.602, 0.253, 0.757, -0.578, -0.261, 0.773, -0.255, -0.577, 0.776, 0.201, -0.604, 0.771, 0.542, -0.326, 0.775, 0.615, 0.157, 0.772, 0.440, 0.489, 0.754, 0.102, 0.373, 0.922, -0.092, 0.372, 0.924, -0.284, 0.217, 0.934, -0.305, -0.116, 0.945, -0.144, -0.271, 0.952, 0.097, -0.303, 0.948, 0.287, -0.156, 0.945, 0.297, 0.186, 0.937, -0.016, 0.194, 0.981],
"nplanes": 18,
"quality": 95,
"materials": [
{
 "scale": [0.576281,0.568022,0.565198,0.385904,0.351279,0.305258,0.342872,0.32709,0.2927,0.608446,0.587772,0.603585,0.27557,0.287491,0.333125,0.528664,0.529235,0.536124],
 "bias": [-0.0638155,-0.0214725,-0.0448513,0.457638,0.447613,0.455612,0.495332,0.493264,0.483974,1.02549,0.995868,0.974822,0.505842,0.506276,0.522525,1.03245,1.01616,0.969682] }
]
}
