{
"width": 8892, "height": 7176,
"format": "jpg",
"type":"ptm",
"colorspace":"lrgb",
"lights": [0.266, 0.292, 0.919, 0.451, 0.408, 0.794, 0.495, 0.623, 0.605, 0.519, 0.666, 0.536, 0.594, 0.691, 0.413, 0.460, 0.300, 0.836, 0.602, 0.396, 0.693, 0.749, 0.434, 0.500, 0.814, 0.479, 0.328, 0.415, 0.041, 0.909, 0.663, 0.009, 0.749, 0.793, 0.034, 0.608, 0.967, 0.064, 0.248, 0.505, -0.127, 0.854, 0.700, -0.149, 0.698, 0.800, -0.270, 0.535, 0.912, -0.308, 0.269, 0.477, -0.284, 0.832, 0.584, -0.397, 0.708, 0.672, -0.484, 0.560, 0.714, -0.624, 0.318, 0.070, -0.539, 0.840, 0.095, -0.646, 0.758, 0.104, -0.757, 0.645, 0.017, -0.954, 0.301, -0.338, -0.450, 0.827, -0.504, -0.519, 0.690, -0.603, -0.583, 0.544, -0.705, -0.645, 0.295, -0.539, -0.293, 0.790, -0.720, -0.303, 0.625, -0.807, -0.324, 0.494, -0.875, -0.388, 0.289, -0.636, -0.078, 0.768, -0.724, -0.038, 0.689, -0.829, -0.019, 0.559, -0.974, -0.006, 0.228, -0.633, 0.113, 0.765, -0.785, 0.198, 0.587, -0.923, 0.238, 0.302, -0.953, 0.218, 0.208, -0.524, 0.304, 0.795, -0.644, 0.490, 0.588, -0.746, 0.549, 0.377, -0.775, 0.591, 0.225, -0.348, 0.412, 0.842, -0.412, 0.488, 0.769, -0.307, 0.709, 0.635, -0.464, 0.850, 0.248],
"nplanes": 9,
"quality": 95,
"materials": [
{
 "scale": [1,1,1,3.55282,2.84845,2.90057,7.20097,4.72039,9.29959],
 "bias": [0,0,0,0.0547479,0.409228,0.526278,0.542802,0.486144,0.507228] }
]
}
