{
"width": 6240, "height": 4160,
"format": "jpg",
"type":"ptm",
"colorspace":"rgb",
"lights": [-0.003, -0.605, 0.796, -0.014, -0.761, 0.649, -0.028, -0.878, 0.478, -0.035, -0.958, 0.286, -0.599, -0.780, 0.184, -0.570, -0.739, 0.359, -0.506, -0.665, 0.549, -0.429, -0.562, 0.707, -0.318, -0.430, 0.845, -0.208, -0.282, 0.937, -0.342, 0.118, 0.932, -0.511, 0.202, 0.835, -0.652, 0.256, 0.714, -0.792, 0.296, 0.534, -0.875, 0.327, 0.357, -0.926, 0.344, 0.154, -0.917, -0.247, 0.313, -0.838, -0.214, 0.501, -0.722, -0.192, 0.665, -0.569, -0.153, 0.808, -0.312, 0.458, 0.832, -0.410, 0.588, 0.697, -0.475, 0.692, 0.543, -0.518, 0.772, 0.368, -0.006, 0.983, 0.184, -0.011, 0.927, 0.375, -0.009, 0.834, 0.552, -0.018, 0.700, 0.714, -0.005, 0.550, 0.835, -0.009, 0.351, 0.936, 0.330, 0.111, 0.937, 0.518, 0.169, 0.838, 0.675, 0.220, 0.704, 0.796, 0.254, 0.550, 0.887, 0.283, 0.364, 0.939, 0.299, 0.169, 0.577, 0.749, 0.327, 0.520, 0.686, 0.508, 0.444, 0.587, 0.677, 0.356, 0.451, 0.819, 0.556, -0.195, 0.808, 0.703, -0.261, 0.662, 0.821, -0.299, 0.486, 0.896, -0.325, 0.301, 0.576, -0.808, 0.124, 0.545, -0.773, 0.325, 0.492, -0.698, 0.520, 0.413, -0.596, 0.688, 0.314, -0.475, 0.822, 0.209, -0.319, 0.925],
"nplanes": 18,
"quality": 95,
"materials": [
{
 "scale": [1.13503,1.17702,1.23501,1.2118,1.23619,1.2872,1.20722,1.22539,1.26795,1.38033,1.44685,1.52125,1.17233,1.20996,1.29318,1.34203,1.37019,1.41567],
 "bias": [-0.0524729,-0.0186443,0.0158985,0.501072,0.501824,0.501744,0.498017,0.498333,0.499002,0.802882,0.776896,0.762384,0.432161,0.428432,0.440522,0.753296,0.74018,0.737993] }
]
}
